payer_master_id;payer_id;payer_name;status;created_by_id;created_by_name;created_date;updated_by_id;updated_by_name;updated_date;payer_master_uuid
1;initiative;Legacy deposit Frozen;pixel;39311;Garden Planner;2023-06-01;14002;24/7 e-services;2023-06-01;310a1f03-bf07-4c97-b6a5-2c70143ebbf4
2;secured;generating;Intranet Frozen;2274;infrastructures invoice;2023-06-02;96734;Manager;2023-06-01;d4fc0438-f5e0-4069-ab57-1e156decd1fa
3;blue;Tasty multi-byte Gourde;Organic;49054;web-enabled ubiquitous SDD;2023-06-02;54287;Integration harness Chief;2023-06-01;4b43c41e-0205-4532-86c7-1296a700450f
4;Myanmar maroon maroon;plum black;Program Planner Granite;4381;Forks Small;2023-06-01;37294;Delaware;2023-06-01;7fa0ffdd-6342-47fe-8bdd-2a0a95ea7397
5;Barbados;Maine indexing;Licensed;578;invoice;2023-06-02;92582;ivory;2023-06-02;20320a05-c792-4bc7-8dc6-92bf1e47695e
6;Kiribati;Algerian panel;Refined bypass;65666;Handcrafted withdrawal Borders;2023-06-02;97453;Associate Iowa Buckinghamshire;2023-06-02;347a734e-c329-40e7-8798-ee63902cb7a0
7;executive;non-volatile best-of-breed;Pizza;86530;invoice Books;2023-06-02;86329;Direct Consultant;2023-06-02;3b75f81d-aaae-4956-858f-8d11154ea405
8;frame Small Macao;scalable mission-critical;Administrator;90899;bandwidth Hills;2023-06-01;88868;Ergonomic Account;2023-06-02;bd9048f1-2ec2-4ea5-8b37-a941d84bb05f
9;Ergonomic Krona;maroon transmitter;Incredible generation;74835;black;2023-06-02;58834;Checking New;2023-06-02;5ac35a91-7160-4cb1-a226-21726409c707
10;Pizza;Rustic;Architect mobile;10327;program;2023-06-02;55708;Networked Stand-alone;2023-06-02;d7c53347-9b2b-4943-9248-b268071b028b
