patient_dto_id;patient_id;patient_first_name;patient_middle_name;patient_last_name;dob;gender;ssn;tax_zone_id;tax_zone_name;tax_rate;patient_id_number;address_line_1;address_line_2;city;state;country;zip;contact_no_1;contact_no_2;fax;efax;email;branch_name;billing_address_line_1;billing_address_line_2;billing_address_city;billing_address_state;billing_address_zip;caregiver_name;caregiver_contact;caregiver_relatinship_patient;primary_insurance_id;primary_insurance_name;primary_insurance_payer_id_no;primary_insurance_payer_contact_no;primary_insurance_policy_num;primary_insurance_policy_group_num;primary_insurance_policy_group_id;primary_insurance_policy_start_date;primary_insurance_policy_end_date;primary_insurance_pay_percentage;primary_insurance_deductable_amt;secondary_insurance_id;secondary_insurance_name;secondary_insurance_payer_id_no;secondary_insurance_payer_contact_no;secondary_insurance_policy_num;secondary_insurance_policy_group_num;secondary_insurance_policy_group_id;secondary_insurance_policy_start_date;secondary_insurance_policy_end_date;secondary_insurance_pay_percentage;secondary_insurance_deductable_amt;tertiary_insurance_id;tertiary_insurance_name;tertiary_insurance_payer_id_no;tertiary_insurance_payer_contact_no;tertiary_insurance_policy_num;tertiary_insurance_policy_group_num;tertiary_insurance_policy_group_id;tertiary_insurance_policy_start_date;tertiary_insurance_policy_end_date;tertiary_insurance_pay_percentage;tertiary_insurance_deductable_amt;relationship;insured_first_name;insured_middle_name;insured_last_name;insured_suffix;insured_dob;insured_ssn;insured_gender;primary_insurer_address_line_1;primary_insurer_address_line_2;primary_insurer_city;primary_insurer_state;primary_insurer_zip;primary_insurer_contact_1;primary_insurer_fax;always_crossover_status;primary_insurance_member_id;secondary_insurance_member_id;tertiary_insurance_member_id;patient_relationship_insured;patient_condition_employment;patient_condition_auto_accident;patient_condition_other_accident;insured_employer;workers_compensation_payer_id_number;workers_compensation_plan_name;workers_compensation_additional_dtls;workers_compensation_claim_filling_code;workers_compensation_tpl_code;workers_compensation_tpl_name;wc_property_casualty_agency_claim_no;wc_carrier_id;employer_address_line_1;employer_address_line_2;employer_city;employer_state;employer_country;employer_zip;employer_contact_no_1;employer_contact_no_2;employer_fax;employer_efax;employer_email;employee_relationship;height;weight;functional_abilities;infection_condition_status;diabetes_status;diagnosis_code_type;icd_10_diagnosis_code_1;icd_10_diagnosis_code_2;icd_10_diagnosis_code_3;icd_10_diagnosis_code_4;icd_10_diagnosis_code_5;icd_10_diagnosis_code_6;icd_10_diagnosis_code_7;icd_10_diagnosis_code_8;icd_10_diagnosis_code_9;icd_10_diagnosis_code_10;icd_10_diagnosis_code_11;icd_10_diagnosis_code_12;doctor_first_name;doctor_middle_name;doctor_last_name;doctor_name_suffix;doctor_address_line_1;doctor_address_line_2;doctor_address_city;doctor_address_state;doctor_address_zip;doctor_contact_1;doctor_contact_2;doctor_fax;doctor_npi_number;doctor_gender;doctor_taxonomy_code;doctor_taxonomy_description;doctor_practice_state;doctor_license_number;status;created_date;created_by_id;created_by_name;updated_date;updated_by_id;updated_by_name;patient_dto_uuid;secondary_insurer_address_line_1;secondary_insurer_address_line_2;secondary_insurer_city;secondary_insurer_state;secondary_insurer_zip;secondary_insurer_contact_1;secondary_insurer_fax;tertiary_insurer_address_line_1;tertiary_insurer_address_line_2;tertiary_insurer_city;tertiary_insurer_state;tertiary_insurer_zip;tertiary_insurer_contact_1;tertiary_insurer_fax;patient_dod
1;65200;Car navigating;Connecticut;sticky fresh-thinking Jersey;2023-05-16;throughput Maryland;Designer;18833;Programmable Buckinghamshire;50022;client-server;Integration;Springs;New Annettabury;evolve;United Kingdom;Home;Handmade Senior;Accounts models Canada;violet Customer;bypass;Verda.McGlynn98@yahoo.com;architecture;Books Liaison;invoice turquoise violet;Berkshire Locks;feed Lilangeni Massachusetts;rich;metrics Towels;software Future architectures;invoice;95533;feed Investment;Analyst Plastic Senior;Mexican;repurpose turquoise;e-tailers;21362;2023-05-15;2023-05-16;43034;96235;37082;time-frame Credit Ergonomic;Oregon end-to-end;auxiliary Lebanese;bypass haptic Nevada;hack firewall;63613;2023-05-15;2023-05-16;46772;65765;76791;magenta drive;haptic;PNG withdrawal;Barbados 1080p Awesome;scale calculate Berkshire;31546;2023-05-16;2023-05-15;59371;52110;Salvador;Rubber teal strategize;Intelligent Handmade Rubber;SMS Somali Borders;Granite Shoes;2023-05-15;Shilling Generic;compressing;fresh-thinking Granite;generate;silver disintermediate;Architect;Metrics JSON;Representative Practical e-enable;Proactive;drive blue protocol;driver matrix Knolls;feed Unbranded;Cotton incubate;yellow;enable invoice Oklahoma;extranet;hack;deposit online Avon;Kids Plastic Cambridgeshire;Cambridgeshire redundant;interactive mindshare Burgs;cutting-edge;Wyoming;Beauty bandwidth;Ohio;Cotton Synergized;collaborative Incredible withdrawal;Berkshire;Won;bluetooth;Legacy Organic;Fantastic;Licensed;Clothing;withdrawal;alarm Account zero;Niue index PCI;Pizza seamless Human;28196;35478;Configuration;Cliff deposit Naira;transmitter Chips Lempira;calculating Wyoming Wooden;copying Steel Electronics;approach feed;cultivate uniform;Handmade;Manager Orchestrator;global Profit-focused;Personal bandwidth overriding;24/365 transmitting Neck;sensor;Groves Tennessee;Configurable technologies;Eritrea;Wooden;eyeballs;SAS Home;connecting Future workforce;Venezuela FTP;GB Optimization;Buckinghamshire Accounts Computer;gold;Awesome Euro Executive;seize compress;Refined;Specialist Plastic benchmark;e-markets;Paradigm;transmit utilize;toolset Metal;index;application Licensed;wireless;2023-05-15;29487;solutions;2023-05-16;55753;invoice;23cef261-1e6c-4c0e-84b0-026a5b172976;Sleek Uganda Fantastic;bottom-line;feed Beauty;auxiliary Auto Electronics;global;Handmade programming context-sensitive;UIC-Franc;matrix;recontextualize Corner;channels;Salad Keyboard;West Security;bluetooth Gloves morph;Account;2023-05-16
2;25013;Mountain;client-driven programming Borders;Shoes;2023-05-15;violet;Practical deposit;38544;systemic Pants hub;49381;multi-tasking Small;Uzbekistan Rustic;compelling;Bechtelarshire;Ergonomic Australian;Latvia;Customer Metal;National;withdrawal SCSI Beauty;Toys harness Usability;Walk;Sammy.Gottlieb11@yahoo.com;silver;XML redefine Tasty;haptic Orchestrator;Cambodia;Cloned regional;Bacon;Licensed quantify;Mobility analyzing;facilitate;32230;Usability Fresh;Bedfordshire Associate Dakota;Optimized neural;Checking open-source Berkshire;Walks Som;89343;2023-05-16;2023-05-15;15504;18430;91301;red;Concrete Producer;e-business Saint;Turnpike Practical;Dynamic;55518;2023-05-16;2023-05-15;39184;84894;1094;Branding;Officer Executive solutions;Dinar;Buckinghamshire Dynamic withdrawal;Infrastructure Pre-emptive Arizona;36764;2023-05-15;2023-05-15;12021;46996;circuit Creative transmit;Incredible;transmit client-server withdrawal;Practical target Tennessee;USB Alabama Metal;2023-05-15;extranet Unbranded;haptic Gorgeous North;Human blue;innovative Soap;deposit e-services;interfaces Leu;Cotton deposit Senior;overriding Handmade;quantify Senegal;Accountability Handcrafted markets;Intelligent paradigms Bahamian;Focused infomediaries Avon;District deposit matrix;Wyoming deposit;Granite;Developer;quantify Steel;Buckinghamshire;multi-byte deposit bus;Frozen Buckinghamshire;Planner Hat;Wisconsin;pricing help-desk New;withdrawal;HDD;payment Maine generate;silver Sports;copying;Intranet Bedfordshire;infomediaries;violet Island;Curve Persistent Assurance;Concrete incubate Handmade;Trace withdrawal;Designer Supervisor;deposit Virtual Bedfordshire;Upgradable Metrics;Unions Jordan auxiliary;55680;37242;1080p;Home Credit invoice;programming;deliverables Azerbaijan green;Concrete;Accountability Borders;card Streamlined;primary Movies systems;interactive;virtual payment composite;Future Chair CSS;hour application turquoise;wireless Burundi Monitored;Officer matrices synthesizing;Coves Carolina envisioneer;full-range Developer;Ergonomic Handcrafted Metal;parsing;web-readiness West;haptic Specialist;Quality-focused;Card;Granite Practical;Chair database Tuna;cohesive Cambridgeshire JSON;Beauty Wyoming Germany;Personal;Points applications;whiteboard;Program connecting Clothing;indexing Function-based Licensed;Directives Account COM;deposit South;Division Diverse;circuit Roads Table;2023-05-16;40908;payment Soap;2023-05-15;3022;Lithuania Granite;4cef6ee7-7a87-402b-a9da-74a37f0055e0;Cheese Ergonomic;Supervisor;Latvia;Marketing collaboration;systems;pixel yellow XML;Herzegovina;Frozen Lead;Terrace online;Producer Bacon orchestrate;homogeneous Account application;state open;Planner multimedia Mozambique;Plastic redefine Outdoors;2023-05-16
3;42256;Fish user;Generic input systemic;Plaza;2023-05-16;Specialist port Shoes;Computer California Avon;41805;circuit;16361;Tuna Granite;Idaho green Supervisor;Cambridgeshire;Hiramtown;Shoes overriding;Bermuda;Implemented Hollow Customer;experiences navigating;Legacy Streets;Optimization;Global;Ibrahim25@yahoo.com;haptic implement e-tailers;tertiary quantify Card;quantify;Money recontextualize;implementation Borders disintermediate;Samoa SAS Automotive;Florida;calculating Lebanon;Global;35642;portals Walks;withdrawal;architectures Maine Corner;SQL Sheqel Buckinghamshire;index;90384;2023-05-15;2023-05-15;36464;1598;27416;Quality-focused;Movies generating withdrawal;proactive Leu;Designer AI Intranet;program pixel;87071;2023-05-16;2023-05-15;34575;2797;51711;invoice;back-end Tuna orchestrate;hack;Mobility maroon virtual;envisioneer;64431;2023-05-15;2023-05-15;4780;32096;Table Cambridgeshire Technician;service-desk mobile Jewelery;Western Garden;Libyan Salad Freeway;Soft;2023-05-15;Senegal;copying;Kentucky;Markets;Bedfordshire;Facilitator;Ergonomic Rustic Nebraska;Cotton systems;value-added Verde Kyat;driver;Plastic;Assistant Assurance;program;bluetooth Triple-buffered Cambridgeshire;bypassing Specialist multi-byte;mindshare Steel;hack;Computers copying;Corner IB black;Soft calculate plum;Pants bandwidth;China Kids invoice;optimize Quality;utilize Buckinghamshire digital;invoice index;info-mediaries Human;Salad;Fantastic;digital New;Pa'anga primary;Nevis Account web-enabled;functionalities;Cliff Factors;orchestrate maximize;paradigm Frozen primary;streamline AI Isle;deposit leverage;silver Beauty Account;60940;87408;matrix;incentivize yellow deposit;yellow Alabama Mauritius;ability;withdrawal back;Manager workforce cyan;salmon;withdrawal out-of-the-box;withdrawal AGP Managed;Awesome;Arkansas Global withdrawal;Program;invoice Executive;Frozen Euro granular;Intelligent;Keyboard;Unions Montana;Quality;Concrete Estonia;Florida dynamic;metrics;Health;deposit;Sleek Small vortals;proactive markets;Dollar incentivize Turkey;Fantastic RSS;reciprocal drive;brand;generating generate Utah;revolutionary Islands;Borders Nuevo;program Forges input;Solutions Accountability mesh;Exclusive;2023-05-15;48833;navigate;2023-05-15;37383;Home transmit;415e3aaa-b59f-4036-814e-8d934a2ea903;Market Montana back-end;compressing Meadow primary;Architect;deposit;Dollar Specialist generating;Lead;Account lime;local;deposit Fresh;Cambridgeshire portal;Savings Senior Mobility;Car indexing;overriding;fuchsia;2023-05-16
4;60770;Borders circuit;Books cultivate;invoice;2023-05-15;Lira;Jewelery incremental Tennessee;46582;Lead Intelligent;80707;Maldives haptic;Legacy Persistent;Chicken invoice Total;South Bend;Senior;Svalbard & Jan Mayen Islands;reboot Virginia virtual;Facilitator;interface Agent;transition Kina;Account;Gennaro69@gmail.com;Chips mobile Oregon;Morocco innovative Naira;Plastic;Wooden;even-keeled;circuit aggregate hierarchy;Beauty Bhutanese generating;Soft Tools;productize Licensed red;23651;experiences Clothing Officer;Devolved Turkish withdrawal;lime local Steel;optical Bedfordshire;virtual matrix;75573;2023-05-15;2023-05-15;32728;44632;8629;Gloves Plastic;input Electronics Officer;scale Liaison;Intelligent Multi-channelled;Sausages Cape;85306;2023-05-16;2023-05-15;53391;7335;99536;Associate;mobile Bacon Intelligent;Automated best-of-breed Credit;methodologies;navigating zero Account;67880;2023-05-16;2023-05-16;52539;8976;pixel secondary;Credit Wooden;AI;Credit;transmitting Unbranded Lights;2023-05-15;Texas Account indexing;Dynamic dynamic;circuit;Communications Oklahoma Nevada;mint Dollar bypassing;Games;Generic;Bolivia Brand Account;bypassing actuating;Metal Cotton Nebraska;Licensed monetize Account;Bahraini Integrated;e-commerce index;Implementation back;invoice online Unbranded;Beauty;static FTP Identity;Gambia invoice Timor-Leste;Security;Berkshire Berkshire copy;Berkshire Dakota Kuwait;synthesize Principal sensor;deposit Tools Borders;solid program;indexing;Human Common gold;salmon holistic;Account Uruguay;port overriding;methodical;SQL executive Human;Shoes transmit;payment;Personal;standardization didactic Unbranded;quantify parsing dynamic;Coordinator back Jamaica;Avon Accountability Architect;97057;69434;Credit Secured;haptic Dobra Pants;quantifying;Fantastic SMS;approach Yen;SQL invoice;National wireless Account;Kids generate;Investor Lev Coordinator;integrated;Bedfordshire;Philippines Account;Forge optical Wisconsin;Lempira;mobile grow;Clothing;Robust Steel Horizontal;Georgia Agent Maine;multi-byte;Supervisor Comoros quantify;Mountain quantifying hack;Intuitive Oregon Drives;navigating disintermediate Frozen;payment granular withdrawal;generate;protocol;Avon ability Strategist;District Seychelles haptic;interface;indexing;payment;Alaska Ergonomic maroon;Human Washington generate;panel Paradigm invoice;multimedia;2023-05-16;85300;maximize;2023-05-15;78654;Response matrix Bedfordshire;c0110df3-90e5-4523-b323-02fa9ff66165;enterprise;neural;Shoes application;white Ergonomic haptic;Coves Fresh Progressive;transmit extend recontextualize;Table Chad;Florida;Loop;cutting-edge XSS;back-end Sleek;Awesome;HDD;Tugrik Generic;2023-05-15
5;18818;copying Account;connecting;Nevada deposit;2023-05-15;Territory Specialist model;Borders;13980;Beauty Cambridgeshire Small;86620;Handcrafted incentivize quantify;Diverse Chief;quantifying Generic Granite;West Elsaborough;blue;Micronesia;Electronics;withdrawal Account Liechtenstein;Handmade Wyoming Cheese;Shirt aggregate budgetary;Liaison Technician;Kristin_Lebsack@gmail.com;Kansas up Account;Rubber purple;pink;revolutionize;port;calculating Fundamental Steel;Rwanda Metal;Industrial Future;program compress;66054;Refined experiences;Practical Mall;intranet Chief;Cambridgeshire;Rubber neural Creative;13087;2023-05-15;2023-05-16;32683;5227;5339;users;COM Concrete;Fantastic;Islands;Stand-alone;15166;2023-05-15;2023-05-15;86050;16633;58864;help-desk service-desk;Strategist;parse;Architect;Advanced;62458;2023-05-15;2023-05-15;22635;61366;Ohio Sports;transition invoice;Tools neutral;bricks-and-clicks Kenyan attitude-oriented;hack Island;2023-05-16;transmit payment Buckinghamshire;Zimbabwe Keyboard;Louisiana;copy SCSI;deposit;revolutionary Optimized Arab;Netherlands;back Towels;out-of-the-box Peso;enterprise Cambridgeshire Generic;Orchard Borders Refined;Metal Metal neural;Keyboard;quantifying;Rapids fuchsia;redundant Producer;Ball Concrete;Tactics;navigate;Coordinator Small;transmitting purposes;Pizza access application;digital connecting;Alabama Beauty reboot;Table orange paradigm;Pines Hat;Directives Station global;ADP;Sausages;Maine Principal;Loan;connecting Loop;internet Gorgeous;Regional auxiliary Chair;benchmark Developer Gorgeous;calculating one-to-one;info-mediaries;portal;9740;89331;strategy Accountability;Granite Unions;Oregon SCSI Steel;navigate XML invoice;mobile interface;EXE;Function-based;Interface Borders Direct;Movies;Industrial Card;cohesive optimal;Small digital Granite;convergence tan Account;secondary web-enabled;Seamless;Networked;Cameroon;Crescent Ouguiya utilize;Rubber;Fantastic Computers New;Product;Pound payment;Island Brand;Car;Cyprus Handmade Avon;blue;state Texas Group;Agent Ball;Analyst neural;redefine;Loan;Orchestrator input synthesize;compressing grey Soft;Direct Shoes payment;best-of-breed South Automotive;2023-05-16;30664;scale Virtual;2023-05-16;7195;Central Plains;7ad13d66-8d00-46de-a49a-270b6c7a465c;orange;Louisiana;SMTP;payment;ADP enterprise;Afghanistan Identity;withdrawal Principal back-end;Turnpike multi-byte Kentucky;Handcrafted FTP;Dong;functionalities;Dynamic;Account technologies Hat;task-force functionalities Cameroon;2023-05-16
6;24397;Namibia Concrete;Regional Integrated;quantify Account Account;2023-05-15;Gloves;harness Lira;91034;enterprise;33428;Consultant needs-based;Cyprus Security Enterprise-wide;Islands extend;Candacemouth;Ameliorated administration;Montserrat;clicks-and-mortar conglomeration;overriding open-source;calculating;reboot transmitter Moldova;collaborative;Nils_Cassin@gmail.com;Avon Borders capacitor;synthesize China;Grass-roots niches Business-focused;Operations client-driven;Investor;Granite Account Coordinator;Director Tasty;Reverse-engineered olive olive;South payment;43365;Concrete Chips;auxiliary monitor;Towels virtual monitor;Bedfordshire Account;Credit Small;33942;2023-05-16;2023-05-15;7917;63318;35933;copying Chicken Fresh;discrete user-facing Sharable;input;program calculating Solutions;Corporate;5489;2023-05-16;2023-05-16;28730;49582;53744;open-source end-to-end pixel;Global context-sensitive Villages;solid;contingency;Coordinator Georgia;23237;2023-05-16;2023-05-15;87779;12723;groupware viral program;payment navigate;solutions;Bedfordshire Plastic program;bus Chicken;2023-05-15;Tugrik Park;Tasty;Practical;object-oriented connect violet;Beauty Boliviano;e-tailers overriding parsing;methodology Research;PNG;Borders Paradigm;strategic Identity Up-sized;Armenian state Awesome;Investor;index Executive Bedfordshire;up XML Reactive;Central green;matrices;Estate Congolese indexing;Principal Small;Investor Executive Clothing;District Small fault-tolerant;Architect Dynamic;synthesizing gold out-of-the-box;navigating;up;Missouri;overriding Games;Multi-tiered payment;intuitive Loan;Assistant Electronics;Group 1080p;Frozen;strategy;Sleek;sticky Islands navigate;seize;navigate Texas up;Yemeni;green;75218;72405;overriding;Berkshire Moroccan;application;invoice encryption Computers;haptic deposit optical;open-source;deposit Louisiana;user-facing Fish holistic;Engineer;Wooden salmon mobile;Alabama;Communications;Barthelemy transitional;exuding Tanzania;invoice Wallis;indexing;Realigned;Baby Clothing;Practical Plastic;Virginia synthesize;Supervisor Orchestrator Assurance;Distributed Vermont Square;Cross-group Steel;Jewelery matrix exploit;Berkshire;Incredible Colombia Cheese;Quality-focused application;context-sensitive Croatia;Egyptian Guadeloupe;Virginia port;Wooden;syndicate Proactive;invoice;Kenya Architect Internal;EXE facilitate;2023-05-16;40189;Clothing Interactions;2023-05-16;34491;bus pixel transmitting;82dbf15f-5460-43d7-b49b-57af3ca9214b;holistic AI;Identity Loan Steel;Licensed;interactive e-markets National;Developer Buckinghamshire Home;withdrawal;world-class;bypass;Computer generating;calculate Communications Unbranded;deposit;Trafficway;Licensed groupware Soft;frame;2023-05-15
7;67136;Berkshire supply-chains;homogeneous Lilangeni;Bermuda;2023-05-16;syndicate calculating;THX Card Dollar;19679;Investment;98078;Account Baby B2C;withdrawal Salad;Saint;Osinskimouth;capability;Thailand;Internal Supervisor;whiteboard Organic brand;fault-tolerant;Concrete payment;Soft Account;Chyna47@hotmail.com;calculating Baby parse;Hat methodologies;Maryland Towels;blockchains Arizona;Agent;Lek Lek;Bike connect secondary;repurpose deposit Paradigm;cross-platform Neck generate;75741;Account Facilitator innovate;Soft SMS Belize;quantify;Manager Points;synthesizing multi-byte;62808;2023-05-16;2023-05-15;19147;58089;68581;Sausages Guinea deliverables;dedicated;Zloty Sleek;Colombian Product connect;cyan Awesome;52482;2023-05-16;2023-05-16;82960;60241;30921;Concrete Identity back;Functionality web;sensor;Producer orchestrate;Cote navigate Chicken;38589;2023-05-16;2023-05-16;59141;96039;Global schemas Balanced;Republic Ball Bedfordshire;blue;Fantastic Fresh;transparent bandwidth;2023-05-15;mindshare Jewelery;Engineer Lilangeni Berkshire;payment Account Refined;Mauritania integrate;Direct;Avon Creative;Gourde solutions synthesizing;Fantastic;Shoes;Applications Track hack;XML e-tailers;Steel;Legacy Car Regional;Illinois;didactic Enterprise-wide connect;Movies Ergonomic;deposit;Philippine Illinois interactive;grey Glen;Intelligent reintermediate programming;orchestration;Rial;Corporate;synthesizing bus maroon;Analyst Dobra;architecture Account infomediaries;Director Accounts markets;Sausages productize Island;software Avon New;Cotton virtual interface;Baby Ecuador Organic;Soap;Future;Hungary override Sausages;protocol lavender Kazakhstan;Plastic;up;Dynamic group;16670;77327;XML;Wooden;bluetooth;user-centric Plains Customer;invoice deposit;Applications coherent Arkansas;PCI;Optional Lane Graphic;Facilitator;Mouse JBOD;Iraqi Lakes;initiatives;Montana service-desk;Avon indigo;Tools;generate Gorgeous;Bedfordshire Auto;Bhutanese;Fresh;Dynamic cyan;proactive 24;e-business synthesizing;USB payment Operations;infrastructure;Gloves;Salad homogeneous Profound;primary e-tailers;reinvent enhance XML;RAM;Hawaii Program;SDD content;THX microchip Investment;Future Camp cyan;bi-directional Gorgeous;drive viral;2023-05-15;73645;Music Cheese;2023-05-16;68341;transmitter;043b68c8-e1ce-459f-bff6-dec2aea9a08a;Leu Integrated;reboot Automotive compressing;Regional;disintermediate deposit;vortals Small lavender;interface;Niger Soap;Plastic;time-frame;ability ROI payment;card;PCI and Tobago;Persevering Franc;Metal;2023-05-15
8;51020;quantifying sensor Industrial;driver generate communities;Concrete Fish;2023-05-15;Chicken web-enabled state;Loan Plastic Metal;25455;Islands Dynamic;16729;up;Bike withdrawal Licensed;innovate;Watershaven;expedite alarm;Colombia;Togo Corporate Accountability;scalable Rhode New;Engineer deploy;Loan grey;Investment;Vergie66@yahoo.com;virtual COM zero;Developer SQL disintermediate;grey;schemas Technician;deposit;deposit;efficient;Avon;Factors brand;50152;Lari;Networked encompassing;International Shirt;green indexing Analyst;Brand reboot;84585;2023-05-16;2023-05-16;66747;95662;4987;Infrastructure;Jamaica overriding;payment schemas;ADP Shirt;Chair Card;15413;2023-05-15;2023-05-15;63988;46787;14380;Sports;Gloves facilitate;Estate Planner;magnetic disintermediate optimizing;Concrete;47923;2023-05-16;2023-05-15;40313;99350;Graphic Dram;pink payment Nepalese;utilize;product yellow;Dynamic optimize;2023-05-16;Interactions;interactive;action-items Games;Field Buckinghamshire Soap;Borders;Wooden;Facilitator Cambridgeshire Greens;Chief Awesome International;composite;indigo Ergonomic;Operations International Green;Pound Regional blue;card Jewelery Sleek;Inverse Cotton;compressing communities;user-facing overriding;transparent;Planner;Oklahoma;Representative Tanzania red;Forest circuit;Cambridgeshire JSON;Director Direct recontextualize;digital compelling Avon;Sandwich;Peso withdrawal azure;Grass-roots;Mississippi calculating Investment;indexing;Director uniform payment;Account;Finland;Awesome Lanka SDR;Refined Multi-tiered;Table Investment;reboot;Saint Shoal;connect;31408;609;parsing;aggregate Metal;Refined capacitor Planner;world-class Chair;internet;panel;Account;Berkshire Planner;Vatu;matrix Generic;Avon Plastic;Shoes Martinique Specialist;Rapids West Sharable;International;user-facing Point;Fantastic Georgia;monetize Intelligent redefine;Fantastic;withdrawal attitude-oriented;index Liaison Incredible;Krone Metical;Internal;sexy;neural Point;Arkansas;Sleek Buckinghamshire;circuit transmit Carolina;Ireland Human;back-end Markets Norwegian;Investment salmon;Cheese Nebraska;Plastic online;Grocery directional;Sleek alarm;Omani Borders Ergonomic;2023-05-16;87840;Technician deposit;2023-05-16;45162;Tactics Implementation;bef8eeb4-f570-4b59-93fb-2d32a2966ca8;Account;Data Colorado wireless;Architect;Wyoming bandwidth Loan;24/7 SQL deposit;Fantastic implement Engineer;Cloned Manager;Beauty;morph web-enabled Synchronised;Quality;tangible circuit Borders;Licensed Market;grey;Consultant architectures;2023-05-15
9;96044;card functionalities;bricks-and-clicks hack;approach;2023-05-16;Senior Unbranded Director;Account;3277;Philippines hack one-to-one;32544;Grove;up Card pixel;Practical hierarchy moderator;Jeffreyfort;AGP Taka deposit;Gibraltar;human-resource transmit;synthesizing blue Iowa;Bedfordshire XML;HDD Unbranded Global;invoice;Newton.Emmerich93@yahoo.com;out-of-the-box Tasty;reboot;Solutions Concrete Buckinghamshire;North withdrawal data-warehouse;distributed XML;payment Valleys Cambridgeshire;niches Texas;Pizza grey Bedfordshire;clicks-and-mortar e-enable magenta;33123;Borders bluetooth;Self-enabling Directives;plum;infomediaries port;Director Profit-focused;87460;2023-05-16;2023-05-15;34818;99392;70461;white Tasty Marketing;maximize hacking withdrawal;Industrial open-source;Fresh;Chair withdrawal;14572;2023-05-15;2023-05-16;45263;95965;55465;lavender Indiana sensor;Hollow sticky Toys;services;blue Keyboard Arizona;revolutionize navigate Puerto;29918;2023-05-15;2023-05-15;6644;67111;blockchains;Fantastic;Legacy maroon;Intelligent;Creative;2023-05-16;Applications;Bacon;AGP;Home Kids;deposit navigate;compressing;real-time global;Synchronised Angola;Investor;synergies Sharable;tan Cotton;blue Loti Cambridgeshire;context-sensitive;Paradigm;overriding Kentucky;program Checking COM;complexity Alabama Sausages;synthesizing;granular Soft Steel;index Sports Louisiana;Quality;Street;networks B2B;Rubber black real-time;Executive microchip compelling;target Chips Phased;Frozen Shirt SCSI;actuating world-class;Luxembourg Executive Delaware;microchip Account Cambridgeshire;Outdoors;Books Man Missouri;Utah;Networked visionary programming;Movies Refined;Applications transmitter revolutionary;Indonesia;Soap input Polarised;75654;93225;Way Down-sized withdrawal;extranet e-services;Burundi Assistant open-source;non-volatile scalable;Turkmenistan;transmitting Rustic Illinois;Salad Metal;monitor USB;upward-trending Gorgeous;Auto Assistant benchmark;generate Fantastic model;target York Table;lavender;next-generation;blue actuating Zealand;virtual;Pants action-items;Island;Reactive transparent Direct;back;models Global copy;Networked index;Infrastructure;payment Games Music;See;demand-driven revolutionize Generic;Louisiana firewall parallelism;Route Soft;compressing program knowledge;payment;gold robust;Philippine;Cambridgeshire Bacon interfaces;open-source approach Kansas;Frozen flexibility;2023-05-15;66631;Loan Automotive;2023-05-16;53044;seamless;a6ec4538-842b-4119-96bf-aea93bc19d88;partnerships Fords Director;Tools Buckinghamshire;Berkshire Technician;Sleek models Customer;transmit Tasty harness;hack plug-and-play Focused;Pass Phased override;Automotive bandwidth Forks;Secured;lime holistic Tasty;Integration;reintermediate Handcrafted Uruguayo;Functionality;SDD Pants Summit;2023-05-15
10;78825;hacking transparent deposit;Chair Cross-platform Virtual;Assimilated;2023-05-15;programming GB;Accounts fuchsia;80724;Green Buckinghamshire;10304;B2B Hryvnia morph;Automotive transparent;Loan;Fisherton;Cambridgeshire;Cayman Islands;benchmark Locks;Secured;Brand deliverables;withdrawal Frozen;magenta Fantastic;Melisa_Boyle15@gmail.com;compressing Philippine;panel olive user-facing;programming SDD;Small tan Metal;Bedfordshire portal;Corporate compress feed;Analyst Money black;Tasty Avon;Customizable;284;Dollar Mandatory olive;enterprise Soft;grey River convergence;Fresh;compressing violet composite;93515;2023-05-16;2023-05-16;19887;81248;93443;Metal;Texas Reactive Loan;Chief visionary cultivate;Avon context-sensitive Grocery;Tasty RAM incubate;94528;2023-05-15;2023-05-16;74193;67431;48329;mobile tan Function-based;reboot payment;Consultant;e-tailers iterate orchid;invoice;76335;2023-05-15;2023-05-16;15908;15952;HTTP innovate;communities Light;yellow;frame edge Handcrafted;Shirt;2023-05-16;Cotton silver;Horizontal Generic Ball;purple Account;Centers PCI SCSI;Identity unleash Handcrafted;Forward generation;index back Customizable;3rd convergence benchmark;Chair Cambridgeshire;recontextualize Avon Analyst;SAS;Savings input Plastic;salmon granular Table;synthesize adapter Forint;proactive Money;Berkshire groupware Nuevo;Bike quantify Representative;quantifying Manager;best-of-breed Configuration;indexing;red;white mindshare Orchestrator;Kids;Account Incredible e-services;Car web-enabled seize;generating grid-enabled Falkland;Chicken monitoring programming;sky Multi-tiered system-worthy;transmitter overriding;open-source withdrawal bottom-line;bypass Handcrafted solid;strategic;Officer;Enterprise-wide Tools tangible;Iraq Virtual;connecting;District;magenta Movies;17880;45035;technologies Licensed;Tasty;Soft Gorgeous Account;system;Tennessee Handcrafted;e-commerce;hack Rustic Shoes;calculating;Singapore;quantify;Track;compelling;quantify;grid-enabled;next-generation Buckinghamshire Principal;District calculating;Clothing Facilitator;International Direct;Metal portals Investor;withdrawal e-tailers;Avon Steel;calculate Refined;USB Rubber;flexibility;Soap interactive;Rubber Agent Handcrafted;withdrawal synthesizing;edge;architect Metical;CSS Games Roads;yellow Directives optical;hour protocol Home;Multi-tiered;Pizza;Data pricing Chief;2023-05-15;38994;visualize;2023-05-16;32898;visionary metrics Account;51f8610a-9565-4f24-a42e-5188154f10a0;Data Bike parse;deposit Plains;input time-frame;PCI;Checking Granite;visionary;District transform Mountain;Markets;invoice grey Handcrafted;benchmark impactful;Streamlined withdrawal Buckinghamshire;Cotton;Handcrafted Account Loan;salmon Trafficway;2023-05-15
