wip_queue_details_id;wip_status_id;wip_status_name;task_id;task_name;object_id;object_name;object_instance_id;wip_set_by_id;wip_set_by_name;wip_set_date_time;assigned_by_id;assigned_by_name;assigned_to_id;assigned_to_name;assigned_date;assigned_status;wip_notes;assignment_notes;assignment_status_notes;object_instance_id_no;state;object_instance_id_uuid;targeted_date;status;created_by_id;created_by_name;created_date;updated_by_id;updated_by_name;updated_date;wip_queue_details_uuid
1;Liaison Chips;Tools throughput;62274;holistic Garden Guatemala;39738;encoding attitude Salad;34899;26095;Technician integrated lavender;2023-05-10;40320;Fresh;86279;harness calculate Square;2023-05-09;Intelligent transmitting neural;IB secured;invoice;Graphic payment Kazakhstan;Tuna;Orchestrator invoice;f6005637-510e-45b7-9329-119a88e8ca1c;2023-05-09;Sleek Hat 4th;18795;Investment Way primary;2023-05-09;49076;Soft;2023-05-10;6ee6ddfe-1563-4317-9cc5-087cb3718cf0
2;Connecticut Granite;fresh-thinking bus;33568;Switzerland Dynamic disintermediate;78717;circuit;73152;48929;Salad;2023-05-10;14360;Tunnel Analyst Manors;92044;HDD Total Future;2023-05-09;Checking navigating Metal;Chicken;Dynamic red methodical;Avon niches;FTP portals generating;Tuna;01f0fdb7-fe58-4360-803b-0fb95928c5f6;2023-05-09;clicks-and-mortar;95057;circuit AGP;2023-05-09;70261;copying revolutionary;2023-05-10;e5339542-5296-41ec-9e52-c7251c72a5bf
3;synergy West;Licensed mesh Product;23097;Loan;85989;hacking Diverse;84811;24482;Clothing;2023-05-09;73475;Meadow;37131;architectures extranet contextually-based;2023-05-10;protocol;navigate;services Borders Bedfordshire;dynamic Architect;Global navigate Innovative;Shilling;79d111b3-0a0e-477c-82c2-f2a83975b041;2023-05-10;Bedfordshire microchip;30510;Wall;2023-05-10;78675;Barbados;2023-05-09;25b5b990-f0a4-4931-8b94-ece94b20ba99
4;convergence compress;Bridge applications backing;12176;context-sensitive;30508;synergies Cheese strategy;81517;8739;Investor Granite synthesizing;2023-05-09;77800;Sports Wooden;30317;Metrics;2023-05-09;e-commerce;Forward ROI Home;Tuna program users;generating;e-business SMTP;plum clicks-and-mortar Specialist;c8a62655-0815-448e-a4f4-4c28f719447a;2023-05-09;Flat;23496;San;2023-05-09;7307;Manager;2023-05-09;e593d4ca-25ab-4017-9f97-52d3abaa5915
5;payment Producer;multi-state;98239;Concrete withdrawal;18222;Granite 1080p;41330;62575;XML Agent Leone;2023-05-09;95131;primary Pennsylvania instruction;50916;Car whiteboard;2023-05-10;synthesizing empower middleware;Plastic connect card;Mouse discrete;overriding Cheese copying;Plastic ubiquitous Response;Antarctica actuating Keyboard;61ead355-a2c2-41f6-ba3e-1998eab114f3;2023-05-10;Savings Corporate Shore;71148;Palladium Intuitive;2023-05-10;70917;Directives Tasty Centers;2023-05-10;fb6d300a-dce4-4454-8ed1-b0164f4494f4
6;Money Interactions Seamless;bricks-and-clicks;5355;Soft Tennessee;69322;indexing generate Cotton;62638;12476;Dynamic Kina Internal;2023-05-10;19044;Wisconsin deposit;88256;Customizable;2023-05-09;Home quantifying up;Cotton Wisconsin teal;well-modulated redundant asynchronous;orchid success;Texas Kids Practical;up pixel Central;83689cec-4dfb-48cf-acde-4119e6770ec9;2023-05-10;Communications Mouse Proactive;49200;Savings;2023-05-09;75888;Cambridgeshire;2023-05-10;03ac06ab-7db3-435e-9f37-9d61ddff7d34
7;circuit reinvent;Ergonomic;75046;RAM;52358;wireless Awesome THX;61740;55111;Officer;2023-05-10;8649;Officer RSS;13862;application invoice;2023-05-10;overriding transmitting;withdrawal AGP solution;bus;Loan International;synthesize;Arizona Litas cross-platform;2f79a936-c0c8-4047-9c66-366949eec26b;2023-05-10;calculate;67300;Licensed;2023-05-09;49434;Rustic Interactions calculate;2023-05-09;bd91de37-1329-4b85-8d02-ebd56556afd4
8;violet niches;Awesome Iceland;14540;1080p Concrete logistical;58701;microchip Berkshire Salad;77874;64344;Planner optical Future;2023-05-09;31983;cross-platform killer Industrial;84523;customized firewall;2023-05-09;emulation Gorgeous conglomeration;invoice Berkshire;copy Ruble Borders;e-enable;Granite CSS;Investor Uzbekistan redundant;a7ad9530-3d1a-4d96-aa24-7562096c53ca;2023-05-09;Orchestrator;28441;Account line;2023-05-09;31498;Loan;2023-05-09;fae6a4a4-2722-44e5-9369-e5507ecd558b
9;Intelligent toolset scalable;Borders;40176;Credit;65321;Buckinghamshire;93210;56217;override Rustic Utah;2023-05-09;41920;Rubber hacking Minnesota;47004;Accounts;2023-05-09;frictionless;initiatives;ubiquitous GB Berkshire;Mouse Cambridgeshire;primary Practical;cutting-edge plum;06ac370e-9039-4c19-927e-510aa5d608cc;2023-05-10;envisioneer Intranet;26917;Supervisor;2023-05-09;5134;Concrete;2023-05-10;efb0bd98-9000-4bec-b85f-f501fe790f33
10;Checking;Exclusive Intelligent Personal;98493;Toys reboot;21750;Frozen;64680;49673;Prairie;2023-05-10;3793;azure;20676;pixel;2023-05-09;Investment;Falkland salmon overriding;interface;Account;Tuna program;Identity needs-based;90e1902f-83d7-452e-9aef-5a1264ac0790;2023-05-10;Berkshire Visionary killer;57483;purple parse Cheese;2023-05-10;42399;bluetooth Iowa;2023-05-10;47b600a9-c946-4473-b9da-0f765ca58834
