user_id;first_name;middle_name;last_name;dob;age;gender;status;created_by_id;created_date;created_by_name;updated_by_name;updated_by_id;updated_date;user_master_uuid;address_line_1;address_line_2;city;state;country;zip;contact_no_1;contact_no_2;fax;efax;email;job_title;mode_of_contact
1;Lupe;program compressing French;Wilderman;2023-05-29;74997;Shirt Squares Concrete;Divide Tools;67416;2023-05-29;Ball Rubber;Union empower EXE;87707;2023-05-30;690aab9e-10c8-407e-a935-7da9e232c9fc;Practical Frozen;Division Usability;Lake Clement;backing Avon;Kenya;copy;Integration parse;Berkshire Checking protocol;Soft Bedfordshire Wooden;Account Gloves;Nikko_Williamson@hotmail.com;Corporate Mobility Producer;orchid Computers
2;Einar;Intelligent Open-source;Bernier;2023-05-30;3108;Saint;override Shore maximize;86950;2023-05-29;Vision-oriented;sensor plum discrete;25056;2023-05-30;42e25bbb-a327-4233-9230-b823e2913042;cyan Representative bypassing;panel;Lakeland;Table;Cambodia;Illinois;green payment;generating Handmade;bus Islands,;Central Customer-focused;Jermaine_Sauer@hotmail.com;Human Marketing Analyst;program
3;Nicole;EXE;Waters;2023-05-30;91995;Operative;card Front-line;59958;2023-05-29;COM;Sharable Handmade Soft;39656;2023-05-29;1f68e7ec-3ed4-4ef6-9775-ccb4fad38ec0;index Mobility;New COM;The Hammocks;Seamless deposit fuchsia;Pitcairn Islands;hack;white program;Frozen Inverse;Computer Industrial;National;Louvenia.Walker49@hotmail.com;Investor Identity Developer;niches
4;John;PCI synergize California;Wunsch;2023-05-29;33634;Shoes Identity;Yemeni;72352;2023-05-29;object-oriented;Rupiah Ways;58366;2023-05-29;4f5f8527-87b0-4b63-9e22-05f3b3676a95;overriding Steel wireless;Operations transmitter Utah;North Theron;Fresh Cambridgeshire Directives;Brunei Darussalam;virtual;alarm tan Clothing;Cotton core wireless;Small Senegal New;Supervisor homogeneous Forward;Gladyce.Davis64@yahoo.com;Direct Operations Orchestrator;SAS
5;Evan;impactful synergy;Davis;2023-05-29;86478;facilitate generate Re-contextualized;orange Fresh Orchestrator;42323;2023-05-30;Producer;Small Granite;32069;2023-05-29;6d1bd9bf-73d6-4961-970e-a031b8d2d91f;Music salmon;generating open-source;Port Leonel;4th;Guernsey;next;Meadows programming;Tasty;online Account Lesotho;envisioneer;Camylle48@hotmail.com;Legacy Security Developer;Tuna
6;Sheldon;Analyst;Howell;2023-05-30;10514;TCP online;Games copying;97217;2023-05-30;Investor;up Orchestrator;79170;2023-05-30;ee4a9490-acc3-495f-b01c-8d3a9c046704;task-force overriding partnerships;Wooden;Henderson;mobile;Saint Vincent and the Grenadines;gold Visionary violet;RAM projection indexing;Bike Forest;dynamic;pixel;Jeanette54@yahoo.com;Internal Factors Designer;capacitor
7;Tyler;salmon Regional;White;2023-05-30;67366;payment Ball;generating;23480;2023-05-29;Electronics;deliverables;75625;2023-05-29;99b1a4ac-3dba-46ac-b770-d90c3ddf54fa;Orchestrator Dollar;User-friendly;Alhambra;invoice payment Chips;Lao People's Democratic Republic;Awesome Card;card digital;hardware Berkshire;grid-enabled solutions Fresh;Open-source Salad Expanded;Rylan.Goyette73@gmail.com;Lead Accounts Specialist;Metal
8;Hester;synthesizing;Huels;2023-05-29;8530;convergence Sri;quantifying sexy;16009;2023-05-30;sexy Computer;infrastructure;54907;2023-05-29;1c5e37ea-f1cd-4191-9a48-e4ef5d7e8da5;proactive;index turquoise Computers;Port Elyssa;Street Loan input;Wallis and Futuna;Lead Table;heuristic;program azure;full-range blue;deposit Skyway forecast;Agustin2@hotmail.com;Human Factors Developer;Arkansas portals
9;Orion;Lead;Senger;2023-05-30;72181;Intelligent;lavender Dobra;77665;2023-05-30;Handcrafted;Account Jewelery;79373;2023-05-29;2a3455f0-b674-428d-ab92-c7d4377d0ebf;Representative Cedi;Borders Senegal Ball;East Cecilchester;Specialist HDD;Czech Republic;Soap RAM;sky deposit;fault-tolerant;Village Wooden;bypass Manager;Guido_Grimes@yahoo.com;Internal Integration Officer;Metal
10;Fae;integrated support microchip;Ryan;2023-05-29;75612;Chips withdrawal Soap;invoice;34822;2023-05-29;Handmade;Micronesia cross-platform solutions;12438;2023-05-29;022d754c-d054-4238-8158-c21a50609975;drive Dollar Division;Uruguay Account;West Kalliehaven;parsing Communications;Cambodia;Bedfordshire connecting;Netherlands open-source Ford;Creative;Specialist;Saint hack;Janessa_Bode@gmail.com;Principal Program Specialist;parse
